¶µ¦¸,°Ï,À]§O,¦a§},¹q¸Ü
1,¤å¤Æ§½,®ç¶éÁ`À],®ç¶é¥«®ç¶é°Ï¿¤©²¸ô21¸¹,(03)-3322592#8411
2,®ç¶é°Ï,®ç¶é¤ÀÀ],®ç¶é¥«®ç¶é°Ï¥ÁÅv¸ô32¸¹,(03)-3372160
3,®ç¶é°Ï,¤¤¸ô¤ÀÀ],®ç¶é¥«®ç¶é°Ï§»©÷¤Cµó 166 ¸¹,(03)-2204807
4,®ç¶é°Ï,·|½]¤ÀÀ],®ç¶é¥«®ç¶é°Ï¦Û±j¸ô217¸¹,(03)-3356165
5,®ç¶é°Ï,¤jªL¤ÀÀ],®ç¶é¥«®ç¶é°Ï¾ð¤¯¤Gµó37¸¹,(03)-3620435
6,®ç¶é°Ï,®H¤l¤ÀÀ],®ç¶é¥«®ç¶é°Ï¦P¦wµó601¸¹,(03)-3176480
7,¤¤Ãc°Ï,¤¤Ãc¤ÀÀ],®ç¶é¥«¤¤Ãc°Ï¤¤¬ü¸ô76¸¹,(03)-4224597
8,¤¤Ãc°Ï,¤ºÃc¤ÀÀ],®ç¶é¥«¤¤Ãc°Ï¥úµØ¤Tµó10¸¹2¡B3¼Ó,(03)-4556186
9,¤¤Ãc°Ï,Às©£¤ÀÀ],¤¤Ãc°Ï»O¶T¤@µó100¸¹,(03)286-8500
10,¤¤Ãc°Ï,¤¤µØ¾\Äý«Ç,®ç¶é¥«¤¤Ãc°Ï¤¤µØ¸ô¤G¬q369-1¸¹4¼Ó,(03)455-9891
11,¤j·Ë°Ï,¤j·Ë¤ÀÀ],®ç¶é¥«¤j·Ë°Ï´¶ÀÙ¸ô33¸¹,(03)-3885501
12,¤j·Ë°Ï,±T³»¤ÀÀ],®ç¶é¥«¤j·Ë°Ï¤½¶é¸ô30¸¹3¼Ó,(03)-3072254
13,¤j·Ë°Ï,±d²ø¤ÀÀ],¤j·Ë°Ï±d²ø¸ô641¸¹1¼Ó,
14,·¨±ö°Ï,·¨±ö¤ÀÀ],®ç¶é¥«·¨±ö°Ï¥úµØµó26¸¹,(03)-4782341
15,·¨±ö°Ï,®H¤ß¤ÀÀ],®ç¶é¥«·¨±ö°Ï¤¤¿³¸ô145¸¹,(03)-4824329
16,·¨±ö°Ï,´I©£¤ÀÀ],®ç¶é¥«·¨±ö°Ï´I©£¨½¦¨¥\¸ô18¤§7¸¹2¼Ó,(03)-4728992
17,·¨±ö°Ï,¬õ±ö¤ÀÀ],·¨±ö°Ï®Õ«e¸ô41¸¹2¡B3¼Ó,
18,Äª¦Ë°Ï,Äª¦Ë¤ÀÀ],®ç¶é¥«Äª¦Ë°Ï¤­ºÖ§ø¤­ºÖ¤@¸ô255¸¹,(03)-3526811
19,Äª¦Ë°Ï,¤j¦Ë¤ÀÀ],®ç¶é¥«Äª¦Ë°Ï¤¤ºÖ§ø¤W¿³¸ô155¸¹,(03)-3138034
20,Äª¦Ë°Ï,«n®r¤ÀÀ],®ç¶é¥«Äª¦Ë°Ï«n®r¸ô138¸¹,(03)-3221093
21,Äª¦Ë°Ï,¤s¸}¤ÀÀ],®ç¶é¥«Äª¦Ë°Ï¤s¥~¸ô513¸¹2¼Ó,(03)-3241325
22,¤j¶é°Ï,¤j¶é¤ÀÀ],¤j¶é°Ï¤¤¥¿¦è¸ô12¤§1¸¹4¼Ó¦Ü6¼Ó,(03)3865057¡B(03)3851311
23,¤j¶é°Ï,¤T©M¤ÀÀ],®ç¶é¥«¤j¶é°Ï¤T©M¸ô5¸¹,(03)-3934261
24,Àt¤s°Ï,Àt¤s¤ÀÀ],®ç¶é¥«Àt¤s°Ï¦Û±j«n¸ô97¸¹,(03)-3290939
25,Àt¤s°Ï,°jÀs¤ÀÀ],®ç¶é¥«Àt¤s°Ï¸U¹Ø¸ô¤@¬q42¸¹4¼Ó,(02)-82006787
26,Àt¤s°Ï,¤j±^¤ÀÀ], ®ç¶é¥«Àt¤s°Ï¤j±^§ø20¾F¤j´ò55¸¹,(03)-3270682
27,Àt¤s°Ï,¤s¼w¤ÀÀ], ®ç¶é¥«Àt¤s°Ï³»¿³¸ô2«Ñ14¸¹3¼Ó, (03)-3508897
28,Às¼æ°Ï,Às¼æ¤ÀÀ],®ç¶é¥«Às¼æ°Ï¤¤¥¿¸ô210¸¹,(03)-4794544
29,·s«Î°Ï,·s«Î¤ÀÀ],®ç¶é¥«·s«Î°Ï¤¤¿³¸ô91«Ñ11¸¹,(03)-4773552¡B(03)-4770361
30,Æ[­µ°Ï,Æ[­µ¤ÀÀ],®ç¶é¥«Æ[­µ°Ï¤å¤Æ¸ô¤G¸¹4¼Ó,(03)-4732134
31,Æ[­µ°Ï,¯óºª¤ÀÀ],®ç¶é¥«Æ[­µ°Ï«O»Ù§ø15¾F¤jÆ[¸ô¤@¬q579-1¸¹2¼Ó,(03)-4837650
32,Æ[­µ°Ï,·s©Y¤ÀÀ],®ç¶é¥«Æ[­µ°Ï·s©Y§ø±i­í12¡Ð1¸¹,(03)-2824357
33,¥­Âí°Ï,¥­Âí¤ÀÀ],®ç¶é¥«¥­Âí°ÏÀô«n¸ô3¬q88¸¹ ,(03)-4572402
34,¥­Âí°Ï,ªF¶Õ¤ÀÀ],®ç¶é¥«¥­Âí°Ïª÷³®¸ô¤­¬q55¸¹,(03)-4604356
35,¤K¼w°Ï,¤K¼w¤ÀÀ],®ç¶é¥«¤K¼w°Ï¿³Â×¸ô264¸¹ ,(03)-3688751 
36,¤K¼w°Ï,¤jÙõ¤ÀÀ],®ç¶é¥«¤K¼w°Ï­«¼yµó53«Ñ2¸¹¡@,(03)-3664614¡B(03)-3769860
37,¤K¼w°Ï,«Ø°ê¾\Äý«Ç,®ç¶é¥«¤K¼w°Ï«Ø°ê¸ô1199¸¹4¼Ó,(03)3664614#13¡B14
